[
{"name":"process_name","args":{"name":"tsc"},"cat":"__metadata","ph":"M","ts":115766.4999961853,"pid":1,"tid":1},
{"name":"thread_name","args":{"name":"Main"},"cat":"__metadata","ph":"M","ts":115766.4999961853,"pid":1,"tid":1},
{"name":"TracingStartedInBrowser","cat":"disabled-by-default-devtools.timeline","ph":"M","ts":115766.4999961853,"pid":1,"tid":1},
{"pid":1,"tid":1,"ph":"B","cat":"program","ts":116646.20000123978,"name":"createProgram","args":{}},
{"pid":1,"tid":1,"ph":"B","cat":"parse","ts":118866.30001664162,"name":"createSourceFile","args":{"path":"001 - all_types.solution.ts"}},
{"pid":1,"tid":1,"ph":"E","cat":"parse","ts":123566.19998812675,"name":"createSourceFile","args":{"path":"001 - all_types.solution.ts"}},
{"pid":1,"tid":1,"ph":"X","cat":"program","ts":118035.89999675751,"name":"findSourceFile","dur":5993.600010871887,"args":{"fileName":"001 - all_types.solution.ts","fileIncludeKind":"RootFile"}},
{"pid":1,"tid":1,"ph":"X","cat":"program","ts":117697.2000002861,"name":"processRootFiles","dur":6452.10000872612,"args":{"count":1}},
{"pid":1,"tid":1,"ph":"B","cat":"parse","ts":124979.00000214577,"name":"createSourceFile","args":{"path":"C:/Users/pierr/AppData/Roaming/nvm/v18.18.2/node_modules/typescript/lib/lib.d.ts"}},
{"pid":1,"tid":1,"ph":"E","cat":"parse","ts":126526.1000096798,"name":"createSourceFile","args":{"path":"C:/Users/pierr/AppData/Roaming/nvm/v18.18.2/node_modules/typescript/lib/lib.d.ts"}},
{"pid":1,"tid":1,"ph":"B","cat":"parse","ts":129840.29999375343,"name":"createSourceFile","args":{"path":"C:/Users/pierr/AppData/Roaming/nvm/v18.18.2/node_modules/typescript/lib/lib.es5.d.ts"}},
{"pid":1,"tid":1,"ph":"E","cat":"parse","ts":162539.49999809265,"name":"createSourceFile","args":{"path":"C:/Users/pierr/AppData/Roaming/nvm/v18.18.2/node_modules/typescript/lib/lib.es5.d.ts"}},
{"pid":1,"tid":1,"ph":"B","cat":"parse","ts":163462.00001239777,"name":"createSourceFile","args":{"path":"C:/Users/pierr/AppData/Roaming/nvm/v18.18.2/node_modules/typescript/lib/lib.decorators.d.ts"}},
{"pid":1,"tid":1,"ph":"E","cat":"parse","ts":164874.0999996662,"name":"createSourceFile","args":{"path":"C:/Users/pierr/AppData/Roaming/nvm/v18.18.2/node_modules/typescript/lib/lib.decorators.d.ts"}},
{"pid":1,"tid":1,"ph":"B","cat":"parse","ts":165553.90000343323,"name":"createSourceFile","args":{"path":"C:/Users/pierr/AppData/Roaming/nvm/v18.18.2/node_modules/typescript/lib/lib.decorators.legacy.d.ts"}},
{"pid":1,"tid":1,"ph":"E","cat":"parse","ts":165862.80000209808,"name":"createSourceFile","args":{"path":"C:/Users/pierr/AppData/Roaming/nvm/v18.18.2/node_modules/typescript/lib/lib.decorators.legacy.d.ts"}},
{"pid":1,"tid":1,"ph":"X","cat":"program","ts":129591.89999103546,"name":"findSourceFile","dur":36454.89999651909,"args":{"fileName":"C:/Users/pierr/AppData/Roaming/nvm/v18.18.2/node_modules/typescript/lib/lib.es5.d.ts","isDefaultLib":true,"fileIncludeKind":"LibReferenceDirective"}},
{"pid":1,"tid":1,"ph":"B","cat":"parse","ts":169895.20001411438,"name":"createSourceFile","args":{"path":"C:/Users/pierr/AppData/Roaming/nvm/v18.18.2/node_modules/typescript/lib/lib.dom.d.ts"}},
{"pid":1,"tid":1,"ph":"E","cat":"parse","ts":259533.80000591278,"name":"createSourceFile","args":{"path":"C:/Users/pierr/AppData/Roaming/nvm/v18.18.2/node_modules/typescript/lib/lib.dom.d.ts"}},
{"pid":1,"tid":1,"ph":"X","cat":"program","ts":166392.8999900818,"name":"findSourceFile","dur":93428.20000648499,"args":{"fileName":"C:/Users/pierr/AppData/Roaming/nvm/v18.18.2/node_modules/typescript/lib/lib.dom.d.ts","isDefaultLib":true,"fileIncludeKind":"LibReferenceDirective"}},
{"pid":1,"tid":1,"ph":"X","cat":"program","ts":259878.8999915123,"name":"resolveLibrary","dur":481.70000314712524,"args":{"resolveFrom":"C:/Users/pierr/Documents/typescript/dassault-exercices/solutions/__lib_node_modules_lookup_lib.webworker.importscripts.d.ts__.ts"}},
{"pid":1,"tid":1,"ph":"B","cat":"parse","ts":260587.39998936653,"name":"createSourceFile","args":{"path":"C:/Users/pierr/AppData/Roaming/nvm/v18.18.2/node_modules/typescript/lib/lib.webworker.importscripts.d.ts"}},
{"pid":1,"tid":1,"ph":"E","cat":"parse","ts":260844.20001506805,"name":"createSourceFile","args":{"path":"C:/Users/pierr/AppData/Roaming/nvm/v18.18.2/node_modules/typescript/lib/lib.webworker.importscripts.d.ts"}},
{"pid":1,"tid":1,"ph":"B","cat":"parse","ts":261377.4000108242,"name":"createSourceFile","args":{"path":"C:/Users/pierr/AppData/Roaming/nvm/v18.18.2/node_modules/typescript/lib/lib.scripthost.d.ts"}},
{"pid":1,"tid":1,"ph":"E","cat":"parse","ts":262409.2999994755,"name":"createSourceFile","args":{"path":"C:/Users/pierr/AppData/Roaming/nvm/v18.18.2/node_modules/typescript/lib/lib.scripthost.d.ts"}},
{"pid":1,"tid":1,"ph":"X","cat":"program","ts":124858.39998722076,"name":"findSourceFile","dur":137596.4000225067,"args":{"fileName":"C:/Users/pierr/AppData/Roaming/nvm/v18.18.2/node_modules/typescript/lib/lib.d.ts","isDefaultLib":true,"fileIncludeKind":"LibFile"}},
{"pid":1,"tid":1,"ph":"E","cat":"program","ts":264580.9000134468,"name":"createProgram","args":{}},
{"pid":1,"tid":1,"ph":"B","cat":"bind","ts":270428.7000000477,"name":"bindSourceFile","args":{"path":"c:/users/pierr/appdata/roaming/nvm/v18.18.2/node_modules/typescript/lib/lib.d.ts"}},
{"pid":1,"tid":1,"ph":"E","cat":"bind","ts":271172.80000448227,"name":"bindSourceFile","args":{"path":"c:/users/pierr/appdata/roaming/nvm/v18.18.2/node_modules/typescript/lib/lib.d.ts"}},
{"pid":1,"tid":1,"ph":"B","cat":"bind","ts":271293.2000160217,"name":"bindSourceFile","args":{"path":"c:/users/pierr/appdata/roaming/nvm/v18.18.2/node_modules/typescript/lib/lib.es5.d.ts"}},
{"pid":1,"tid":1,"ph":"E","cat":"bind","ts":287459.1999948025,"name":"bindSourceFile","args":{"path":"c:/users/pierr/appdata/roaming/nvm/v18.18.2/node_modules/typescript/lib/lib.es5.d.ts"}},
{"pid":1,"tid":1,"ph":"B","cat":"bind","ts":287518.4000134468,"name":"bindSourceFile","args":{"path":"c:/users/pierr/appdata/roaming/nvm/v18.18.2/node_modules/typescript/lib/lib.dom.d.ts"}},
{"pid":1,"tid":1,"ph":"E","cat":"bind","ts":353155.0000011921,"name":"bindSourceFile","args":{"path":"c:/users/pierr/appdata/roaming/nvm/v18.18.2/node_modules/typescript/lib/lib.dom.d.ts"}},
{"pid":1,"tid":1,"ph":"B","cat":"bind","ts":353222.8000164032,"name":"bindSourceFile","args":{"path":"c:/users/pierr/appdata/roaming/nvm/v18.18.2/node_modules/typescript/lib/lib.webworker.importscripts.d.ts"}},
{"pid":1,"tid":1,"ph":"E","cat":"bind","ts":353246.89999222755,"name":"bindSourceFile","args":{"path":"c:/users/pierr/appdata/roaming/nvm/v18.18.2/node_modules/typescript/lib/lib.webworker.importscripts.d.ts"}},
{"pid":1,"tid":1,"ph":"B","cat":"bind","ts":353264.20000195503,"name":"bindSourceFile","args":{"path":"c:/users/pierr/appdata/roaming/nvm/v18.18.2/node_modules/typescript/lib/lib.scripthost.d.ts"}},
{"pid":1,"tid":1,"ph":"E","cat":"bind","ts":353974.50000047684,"name":"bindSourceFile","args":{"path":"c:/users/pierr/appdata/roaming/nvm/v18.18.2/node_modules/typescript/lib/lib.scripthost.d.ts"}},
{"pid":1,"tid":1,"ph":"B","cat":"bind","ts":354010.6000006199,"name":"bindSourceFile","args":{"path":"c:/users/pierr/appdata/roaming/nvm/v18.18.2/node_modules/typescript/lib/lib.decorators.d.ts"}},
{"pid":1,"tid":1,"ph":"E","cat":"bind","ts":354317.2000050545,"name":"bindSourceFile","args":{"path":"c:/users/pierr/appdata/roaming/nvm/v18.18.2/node_modules/typescript/lib/lib.decorators.d.ts"}},
{"pid":1,"tid":1,"ph":"B","cat":"bind","ts":354334.3000113964,"name":"bindSourceFile","args":{"path":"c:/users/pierr/appdata/roaming/nvm/v18.18.2/node_modules/typescript/lib/lib.decorators.legacy.d.ts"}},
{"pid":1,"tid":1,"ph":"E","cat":"bind","ts":354390.79999923706,"name":"bindSourceFile","args":{"path":"c:/users/pierr/appdata/roaming/nvm/v18.18.2/node_modules/typescript/lib/lib.decorators.legacy.d.ts"}},
{"pid":1,"tid":1,"ph":"B","cat":"bind","ts":354409.7999930382,"name":"bindSourceFile","args":{"path":"c:/users/pierr/documents/typescript/dassault-exercices/solutions/001 - all_types.solution.ts"}},
{"pid":1,"tid":1,"ph":"E","cat":"bind","ts":354761.29999756813,"name":"bindSourceFile","args":{"path":"c:/users/pierr/documents/typescript/dassault-exercices/solutions/001 - all_types.solution.ts"}},
{"pid":1,"tid":1,"ph":"B","cat":"check","ts":357180.2000105381,"name":"checkSourceFile","args":{"path":"c:/users/pierr/appdata/roaming/nvm/v18.18.2/node_modules/typescript/lib/lib.d.ts"}},
{"pid":1,"tid":1,"ph":"E","cat":"check","ts":357653.80001068115,"name":"checkSourceFile","args":{"path":"c:/users/pierr/appdata/roaming/nvm/v18.18.2/node_modules/typescript/lib/lib.d.ts"}},
{"pid":1,"tid":1,"ph":"B","cat":"check","ts":357778.29998731613,"name":"checkSourceFile","args":{"path":"c:/users/pierr/appdata/roaming/nvm/v18.18.2/node_modules/typescript/lib/lib.es5.d.ts"}},
{"pid":1,"tid":1,"ph":"X","cat":"check","ts":358986.29999160767,"name":"checkVariableDeclaration","dur":1466.2000238895416,"args":{"kind":260,"pos":1023,"end":1035,"path":"c:/users/pierr/appdata/roaming/nvm/v18.18.2/node_modules/typescript/lib/lib.es5.d.ts"}},
{"pid":1,"tid":1,"ph":"X","cat":"checkTypes","ts":378887.4999880791,"name":"structuredTypeRelatedTo","dur":2799.100011587143,"args":{"sourceId":136,"targetId":135}},
{"pid":1,"tid":1,"ph":"X","cat":"checkTypes","ts":376338.2000029087,"name":"structuredTypeRelatedTo","dur":5914.2999947071075,"args":{"sourceId":125,"targetId":70}},
{"pid":1,"tid":1,"ph":"X","cat":"check","ts":399984.20000076294,"name":"checkVariableDeclaration","dur":25.099992752075195,"args":{"kind":260,"pos":70060,"end":70084,"path":"c:/users/pierr/appdata/roaming/nvm/v18.18.2/node_modules/typescript/lib/lib.es5.d.ts"}},
{"pid":1,"tid":1,"ph":"E","cat":"check","ts":425171.20000720024,"name":"checkSourceFile","args":{"path":"c:/users/pierr/appdata/roaming/nvm/v18.18.2/node_modules/typescript/lib/lib.es5.d.ts"}},
{"pid":1,"tid":1,"ph":"B","cat":"check","ts":425224.09999370575,"name":"checkSourceFile","args":{"path":"c:/users/pierr/appdata/roaming/nvm/v18.18.2/node_modules/typescript/lib/lib.dom.d.ts"}},
{"pid":1,"tid":1,"ph":"X","cat":"checkTypes","ts":439997.9999959469,"name":"structuredTypeRelatedTo","dur":13.400018215179443,"args":{"sourceId":2093,"targetId":2094}},
{"pid":1,"tid":1,"ph":"X","cat":"check","ts":449991.4000034332,"name":"checkVariableDeclaration","dur":36.30000352859497,"args":{"kind":260,"pos":70461,"end":70542,"path":"c:/users/pierr/appdata/roaming/nvm/v18.18.2/node_modules/typescript/lib/lib.dom.d.ts"}},
{"pid":1,"tid":1,"ph":"X","cat":"checkTypes","ts":458084.50001478195,"name":"structuredTypeRelatedTo","dur":5140.599995851517,"args":{"sourceId":2907,"targetId":2694}},
{"pid":1,"tid":1,"ph":"X","cat":"checkTypes","ts":458051.20000243187,"name":"structuredTypeRelatedTo","dur":5629.799991846085,"args":{"sourceId":2906,"targetId":2690}},
{"pid":1,"tid":1,"ph":"X","cat":"check","ts":469990.700006485,"name":"checkVariableDeclaration","dur":18.900007009506226,"args":{"kind":260,"pos":192138,"end":192237,"path":"c:/users/pierr/appdata/roaming/nvm/v18.18.2/node_modules/typescript/lib/lib.dom.d.ts"}},
{"pid":1,"tid":1,"ph":"X","cat":"check","ts":479569.00000572205,"name":"checkExpression","dur":976.0999977588654,"args":{"kind":80,"pos":235796,"end":235806,"path":"c:/users/pierr/appdata/roaming/nvm/v18.18.2/node_modules/typescript/lib/lib.dom.d.ts"}},
{"pid":1,"tid":1,"ph":"X","cat":"check","ts":479363.4999990463,"name":"checkVariableDeclaration","dur":1275.0999927520752,"args":{"kind":260,"pos":235778,"end":235806,"path":"c:/users/pierr/appdata/roaming/nvm/v18.18.2/node_modules/typescript/lib/lib.dom.d.ts"}},
{"pid":1,"tid":1,"ph":"X","cat":"checkTypes","ts":499968.69999170303,"name":"structuredTypeRelatedTo","dur":131.09999895095825,"args":{"sourceId":4704,"targetId":3978}},
{"pid":1,"tid":1,"ph":"X","cat":"checkTypes","ts":499871.1999952793,"name":"structuredTypeRelatedTo","dur":466.9000208377838,"args":{"sourceId":4528,"targetId":1667}},
{"pid":1,"tid":1,"ph":"X","cat":"checkTypes","ts":509951.0999917984,"name":"structuredTypeRelatedTo","dur":355.7000160217285,"args":{"sourceId":4552,"targetId":1667}},
{"pid":1,"tid":1,"ph":"X","cat":"checkTypes","ts":493921.20000720024,"name":"structuredTypeRelatedTo","dur":22144.69999074936,"args":{"sourceId":4571,"targetId":1667}},
{"pid":1,"tid":1,"ph":"X","cat":"checkTypes","ts":492604.0999889374,"name":"structuredTypeRelatedTo","dur":23540.800005197525,"args":{"sourceId":4515,"targetId":1667}},
{"pid":1,"tid":1,"ph":"X","cat":"checkTypes","ts":519290.8000051975,"name":"structuredTypeRelatedTo","dur":3943.5999989509583,"args":{"sourceId":5146,"targetId":1667}},
{"pid":1,"tid":1,"ph":"X","cat":"checkTypes","ts":529998.400002718,"name":"structuredTypeRelatedTo","dur":5.899995565414429,"args":{"sourceId":5516,"targetId":2658}},
{"pid":1,"tid":1,"ph":"X","cat":"checkTypes","ts":529995.09999156,"name":"structuredTypeRelatedTo","dur":63.600003719329834,"args":{"sourceId":5516,"targetId":2660}},
{"pid":1,"tid":1,"ph":"X","cat":"checkTypes","ts":529894.8999941349,"name":"structuredTypeRelatedTo","dur":183.30001831054688,"args":{"sourceId":5513,"targetId":3978}},
{"pid":1,"tid":1,"ph":"X","cat":"checkTypes","ts":529830.2000164986,"name":"structuredTypeRelatedTo","dur":403.4999907016754,"args":{"sourceId":5172,"targetId":1667}},
{"pid":1,"tid":1,"ph":"X","cat":"checkTypes","ts":539991.6999936104,"name":"structuredTypeRelatedTo","dur":85.60001850128174,"args":{"sourceId":5833,"targetId":3978}},
{"pid":1,"tid":1,"ph":"X","cat":"checkTypes","ts":539877.799987793,"name":"structuredTypeRelatedTo","dur":350.7000207901001,"args":{"sourceId":5209,"targetId":1667}},
{"pid":1,"tid":1,"ph":"X","cat":"checkTypes","ts":517041.2999987602,"name":"structuredTypeRelatedTo","dur":23212.30000257492,"args":{"sourceId":5210,"targetId":1667}},
{"pid":1,"tid":1,"ph":"X","cat":"checkTypes","ts":516470.400005579,"name":"structuredTypeRelatedTo","dur":23798.99999499321,"args":{"sourceId":5140,"targetId":1667}},
{"pid":1,"tid":1,"ph":"X","cat":"checkTypes","ts":549957.8999876976,"name":"structuredTypeRelatedTo","dur":82.40002393722534,"args":{"sourceId":6203,"targetId":2653}},
{"pid":1,"tid":1,"ph":"X","cat":"checkTypes","ts":549936.8999898434,"name":"structuredTypeRelatedTo","dur":265.79999923706055,"args":{"sourceId":6201,"targetId":1246}},
{"pid":1,"tid":1,"ph":"X","cat":"check","ts":569979.6000123024,"name":"checkVariableDeclaration","dur":23.39997887611389,"args":{"kind":260,"pos":431621,"end":431714,"path":"c:/users/pierr/appdata/roaming/nvm/v18.18.2/node_modules/typescript/lib/lib.dom.d.ts"}},
{"pid":1,"tid":1,"ph":"X","cat":"checkTypes","ts":619970.4999923706,"name":"structuredTypeRelatedTo","dur":56.199997663497925,"args":{"sourceId":8871,"targetId":2663}},
{"pid":1,"tid":1,"ph":"X","cat":"checkTypes","ts":619880.8999955654,"name":"structuredTypeRelatedTo","dur":205.50000667572021,"args":{"sourceId":8865,"targetId":1246}},
{"pid":1,"tid":1,"ph":"X","cat":"checkTypes","ts":629382.1000158787,"name":"structuredTypeRelatedTo","dur":2308.1999719142914,"args":{"sourceId":5210,"targetId":1668}},
{"pid":1,"tid":1,"ph":"X","cat":"checkTypes","ts":629319.9000060558,"name":"structuredTypeRelatedTo","dur":2418.7999963760376,"args":{"sourceId":9164,"targetId":1668}},
{"pid":1,"tid":1,"ph":"X","cat":"check","ts":639963.2000029087,"name":"checkVariableDeclaration","dur":104.40000891685486,"args":{"kind":260,"pos":820949,"end":821338,"path":"c:/users/pierr/appdata/roaming/nvm/v18.18.2/node_modules/typescript/lib/lib.dom.d.ts"}},
{"pid":1,"tid":1,"ph":"X","cat":"check","ts":689980.1000058651,"name":"checkVariableDeclaration","dur":19.899994134902954,"args":{"kind":260,"pos":1112108,"end":1112242,"path":"c:/users/pierr/appdata/roaming/nvm/v18.18.2/node_modules/typescript/lib/lib.dom.d.ts"}},
{"pid":1,"tid":1,"ph":"X","cat":"check","ts":709995.0000047684,"name":"checkVariableDeclaration","dur":14.79998230934143,"args":{"kind":260,"pos":1274535,"end":1274593,"path":"c:/users/pierr/appdata/roaming/nvm/v18.18.2/node_modules/typescript/lib/lib.dom.d.ts"}},
{"pid":1,"tid":1,"ph":"E","cat":"check","ts":713069.4000124931,"name":"checkSourceFile","args":{"path":"c:/users/pierr/appdata/roaming/nvm/v18.18.2/node_modules/typescript/lib/lib.dom.d.ts"}},
{"pid":1,"tid":1,"ph":"B","cat":"check","ts":713131.7000091076,"name":"checkSourceFile","args":{"path":"c:/users/pierr/appdata/roaming/nvm/v18.18.2/node_modules/typescript/lib/lib.webworker.importscripts.d.ts"}},
{"pid":1,"tid":1,"ph":"E","cat":"check","ts":713291.7000055313,"name":"checkSourceFile","args":{"path":"c:/users/pierr/appdata/roaming/nvm/v18.18.2/node_modules/typescript/lib/lib.webworker.importscripts.d.ts"}},
{"pid":1,"tid":1,"ph":"B","cat":"check","ts":713325.100004673,"name":"checkSourceFile","args":{"path":"c:/users/pierr/appdata/roaming/nvm/v18.18.2/node_modules/typescript/lib/lib.scripthost.d.ts"}},
{"pid":1,"tid":1,"ph":"E","cat":"check","ts":715680.5000007153,"name":"checkSourceFile","args":{"path":"c:/users/pierr/appdata/roaming/nvm/v18.18.2/node_modules/typescript/lib/lib.scripthost.d.ts"}},
{"pid":1,"tid":1,"ph":"B","cat":"check","ts":715732.6000034809,"name":"checkSourceFile","args":{"path":"c:/users/pierr/appdata/roaming/nvm/v18.18.2/node_modules/typescript/lib/lib.decorators.d.ts"}},
{"pid":1,"tid":1,"ph":"E","cat":"check","ts":718240.4000163078,"name":"checkSourceFile","args":{"path":"c:/users/pierr/appdata/roaming/nvm/v18.18.2/node_modules/typescript/lib/lib.decorators.d.ts"}},
{"pid":1,"tid":1,"ph":"B","cat":"check","ts":718293.2000160217,"name":"checkSourceFile","args":{"path":"c:/users/pierr/appdata/roaming/nvm/v18.18.2/node_modules/typescript/lib/lib.decorators.legacy.d.ts"}},
{"pid":1,"tid":1,"ph":"E","cat":"check","ts":718435.4999959469,"name":"checkSourceFile","args":{"path":"c:/users/pierr/appdata/roaming/nvm/v18.18.2/node_modules/typescript/lib/lib.decorators.legacy.d.ts"}},
{"pid":1,"tid":1,"ph":"B","cat":"check","ts":718464.3999934196,"name":"checkSourceFile","args":{"path":"c:/users/pierr/documents/typescript/dassault-exercices/solutions/001 - all_types.solution.ts"}},
{"pid":1,"tid":1,"ph":"E","cat":"check","ts":719466.6000008583,"name":"checkSourceFile","args":{"path":"c:/users/pierr/documents/typescript/dassault-exercices/solutions/001 - all_types.solution.ts"}},
{"pid":1,"tid":1,"ph":"B","cat":"emit","ts":719539.9000048637,"name":"emit","args":{}},
{"pid":1,"tid":1,"ph":"B","cat":"check","ts":719663.5999977589,"name":"checkSourceFile","args":{"path":"c:/users/pierr/appdata/roaming/nvm/v18.18.2/node_modules/typescript/lib/lib.d.ts"}},
{"pid":1,"tid":1,"ph":"E","cat":"check","ts":719677.9000163078,"name":"checkSourceFile","args":{"path":"c:/users/pierr/appdata/roaming/nvm/v18.18.2/node_modules/typescript/lib/lib.d.ts"}},
{"pid":1,"tid":1,"ph":"B","cat":"check","ts":719694.6000158787,"name":"checkSourceFile","args":{"path":"c:/users/pierr/appdata/roaming/nvm/v18.18.2/node_modules/typescript/lib/lib.es5.d.ts"}},
{"pid":1,"tid":1,"ph":"E","cat":"check","ts":719705.2000164986,"name":"checkSourceFile","args":{"path":"c:/users/pierr/appdata/roaming/nvm/v18.18.2/node_modules/typescript/lib/lib.es5.d.ts"}},
{"pid":1,"tid":1,"ph":"B","cat":"check","ts":719720.4999923706,"name":"checkSourceFile","args":{"path":"c:/users/pierr/appdata/roaming/nvm/v18.18.2/node_modules/typescript/lib/lib.dom.d.ts"}},
{"pid":1,"tid":1,"ph":"E","cat":"check","ts":719730.5000126362,"name":"checkSourceFile","args":{"path":"c:/users/pierr/appdata/roaming/nvm/v18.18.2/node_modules/typescript/lib/lib.dom.d.ts"}},
{"pid":1,"tid":1,"ph":"B","cat":"check","ts":719740.2000129223,"name":"checkSourceFile","args":{"path":"c:/users/pierr/appdata/roaming/nvm/v18.18.2/node_modules/typescript/lib/lib.webworker.importscripts.d.ts"}},
{"pid":1,"tid":1,"ph":"E","cat":"check","ts":719750.2000033855,"name":"checkSourceFile","args":{"path":"c:/users/pierr/appdata/roaming/nvm/v18.18.2/node_modules/typescript/lib/lib.webworker.importscripts.d.ts"}},
{"pid":1,"tid":1,"ph":"B","cat":"check","ts":719759.7000002861,"name":"checkSourceFile","args":{"path":"c:/users/pierr/appdata/roaming/nvm/v18.18.2/node_modules/typescript/lib/lib.scripthost.d.ts"}},
{"pid":1,"tid":1,"ph":"E","cat":"check","ts":719768.9999938011,"name":"checkSourceFile","args":{"path":"c:/users/pierr/appdata/roaming/nvm/v18.18.2/node_modules/typescript/lib/lib.scripthost.d.ts"}},
{"pid":1,"tid":1,"ph":"B","cat":"check","ts":719778.4000039101,"name":"checkSourceFile","args":{"path":"c:/users/pierr/appdata/roaming/nvm/v18.18.2/node_modules/typescript/lib/lib.decorators.d.ts"}},
{"pid":1,"tid":1,"ph":"E","cat":"check","ts":719793.5000061989,"name":"checkSourceFile","args":{"path":"c:/users/pierr/appdata/roaming/nvm/v18.18.2/node_modules/typescript/lib/lib.decorators.d.ts"}},
{"pid":1,"tid":1,"ph":"B","cat":"check","ts":719803.200006485,"name":"checkSourceFile","args":{"path":"c:/users/pierr/appdata/roaming/nvm/v18.18.2/node_modules/typescript/lib/lib.decorators.legacy.d.ts"}},
{"pid":1,"tid":1,"ph":"E","cat":"check","ts":719812.7000033855,"name":"checkSourceFile","args":{"path":"c:/users/pierr/appdata/roaming/nvm/v18.18.2/node_modules/typescript/lib/lib.decorators.legacy.d.ts"}},
{"pid":1,"tid":1,"ph":"B","cat":"check","ts":719823.9000141621,"name":"checkSourceFile","args":{"path":"c:/users/pierr/documents/typescript/dassault-exercices/solutions/001 - all_types.solution.ts"}},
{"pid":1,"tid":1,"ph":"E","cat":"check","ts":719833.4999978542,"name":"checkSourceFile","args":{"path":"c:/users/pierr/documents/typescript/dassault-exercices/solutions/001 - all_types.solution.ts"}},
{"pid":1,"tid":1,"ph":"X","cat":"emit","ts":720266.6999995708,"name":"emitJsFileOrBundle","dur":13806.699991226196,"args":{"jsFilePath":"001 - all_types.solution.js"}},
{"pid":1,"tid":1,"ph":"E","cat":"emit","ts":734268.0999934673,"name":"emit","args":{}}
]
